timestamp_utc,ME,NH,VT,CT,RI,SEMA,WCMA,NEMA_BOST
2022-12-02 00:00:00,1618,1590,782,3854,1039,1945,2253,3087
2022-12-02 01:00:00,1573,1545,761,3778,1019,1896,2199,3010
2022-12-02 02:00:00,1500,1486,733,3647,984,1821,2121,2917
2022-12-02 03:00:00,1421,1389,704,3441,928,1711,2014,2783
2022-12-02 04:00:00,1301,1280,663,3184,857,1578,1859,2586
2022-12-02 05:00:00,1229,1188,619,2928,787,1453,1738,2399
2022-12-02 06:00:00,1174,1140,586,2758,742,1370,1661,2282
2022-12-02 07:00:00,1153,1104,580,2684,718,1325,1618,2213
2022-12-02 08:00:00,1141,1095,570,2652,706,1307,1599,2183
2022-12-02 09:00:00,1153,1101,569,2656,708,1310,1605,2193
2022-12-02 10:00:00,1195,1141,589,2750,727,1353,1654,2256
2022-12-02 11:00:00,1296,1244,629,2958,782,1462,1781,2434
2022-12-02 12:00:00,1438,1388,698,3353,869,1636,1984,2706
2022-12-02 13:00:00,1512,1464,734,3571,921,1724,2067,2858
2022-12-02 14:00:00,1528,1461,682,3489,918,1677,2000,2858
2022-12-02 15:00:00,1495,1419,588,3310,901,1579,1885,2801
2022-12-02 16:00:00,1420,1374,486,3166,885,1510,1802,2741
2022-12-02 17:00:00,1362,1333,441,3062,871,1473,1756,2704
2022-12-02 18:00:00,1306,1313,473,3001,858,1455,1741,2685
2022-12-02 19:00:00,1341,1316,549,3042,860,1485,1777,2691
2022-12-02 20:00:00,1371,1331,614,3157,874,1554,1871,2720
2022-12-02 21:00:00,1452,1371,655,3352,900,1658,1983,2803
2022-12-02 22:00:00,1535,1469,701,3588,970,1810,2105,2972
2022-12-02 23:00:00,1586,1519,720,3732,994,1885,2162,3038
2022-12-03 00:00:00,1539,1492,705,3684,978,1852,2129,2946
2022-12-03 01:00:00,1503,1445,684,3588,954,1796,2062,2869
2022-12-03 02:00:00,1433,1395,654,3469,923,1728,1997,2779
2022-12-03 03:00:00,1358,1317,625,3291,876,1633,1907,2669
2022-12-03 04:00:00,1281,1222,585,3062,814,1508,1784,2490
2022-12-03 05:00:00,1212,1126,543,2831,756,1384,1663,2330
2022-12-03 06:00:00,1151,1057,511,2653,712,1298,1576,2198
2022-12-03 07:00:00,1108,1021,493,2533,685,1243,1517,2121
2022-12-03 08:00:00,1090,998,484,2465,670,1215,1479,2075
2022-12-03 09:00:00,1087,992,479,2427,660,1201,1460,2052
2022-12-03 10:00:00,1098,994,484,2432,663,1206,1472,2059
2022-12-03 11:00:00,1120,1033,502,2497,679,1247,1515,2118
2022-12-03 12:00:00,1181,1098,532,2626,715,1315,1586,2219
2022-12-03 13:00:00,1263,1177,571,2780,749,1390,1662,2315
2022-12-03 14:00:00,1349,1256,608,2969,790,1474,1742,2401
2022-12-03 15:00:00,1400,1313,634,3122,832,1540,1830,2523
2022-12-03 16:00:00,1409,1340,637,3224,856,1572,1869,2588
2022-12-03 17:00:00,1418,1347,638,3256,876,1596,1884,2634
2022-12-03 18:00:00,1426,1339,634,3273,882,1598,1878,2642
2022-12-03 19:00:00,1402,1324,616,3258,885,1608,1866,2625
2022-12-03 20:00:00,1397,1312,614,3213,889,1618,1848,2618
2022-12-03 21:00:00,1397,1314,627,3212,892,1632,1849,2635
2022-12-03 22:00:00,1442,1368,650,3298,922,1712,1912,2714
2022-12-03 23:00:00,1441,1393,665,3377,937,1736,1939,2737
2022-12-04 00:00:00,1392,1351,649,3295,911,1686,1897,2684
2022-12-04 01:00:00,1330,1302,630,3178,876,1621,1841,2611
2022-12-04 02:00:00,1273,1253,605,3076,837,1556,1793,2540
2022-12-04 03:00:00,1218,1193,583,2956,803,1484,1735,2467
2022-12-04 04:00:00,1148,1117,557,2789,760,1389,1644,2354
2022-12-04 05:00:00,1094,1042,533,2612,709,1297,1549,2229
2022-12-04 06:00:00,1056,988,512,2473,674,1230,1487,2122
2022-12-04 07:00:00,1034,961,503,2387,658,1187,1443,2059
2022-12-04 08:00:00,1022,951,497,2347,648,1169,1422,2024
2022-12-04 09:00:00,1029,948,501,2339,644,1170,1417,2016
2022-12-04 10:00:00,1045,964,515,2375,651,1187,1432,2036
2022-12-04 11:00:00,1098,1004,535,2467,674,1231,1480,2094
2022-12-04 12:00:00,1178,1069,565,2611,712,1309,1557,2196
2022-12-04 13:00:00,1259,1143,600,2750,744,1376,1622,2281
2022-12-04 14:00:00,1317,1216,607,2817,766,1388,1657,2327
2022-12-04 15:00:00,1321,1254,566,2795,777,1360,1658,2346
2022-12-04 16:00:00,1285,1256,539,2755,787,1334,1639,2353
2022-12-04 17:00:00,1275,1255,532,2724,786,1322,1616,2362
2022-12-04 18:00:00,1272,1257,549,2801,804,1379,1677,2427
2022-12-04 19:00:00,1290,1270,510,2908,830,1438,1759,2508
2022-12-04 20:00:00,1364,1312,583,3039,842,1527,1832,2578
2022-12-04 21:00:00,1455,1371,665,3203,878,1628,1912,2661
2022-12-04 22:00:00,1569,1490,735,3493,956,1790,2056,2826
2022-12-04 23:00:00,1627,1555,775,3697,992,1889,2136,2919
2022-12-05 00:00:00,1586,1533,763,3691,988,1873,2116,2910
2022-12-05 01:00:00,1540,1492,742,3632,970,1829,2080,2872
2022-12-05 02:00:00,1468,1433,712,3530,938,1764,2019,2803
2022-12-05 03:00:00,1377,1348,678,3349,888,1663,1917,2678
2022-12-05 04:00:00,1283,1246,638,3113,820,1525,1783,2507
2022-12-05 05:00:00,1224,1164,601,2874,768,1414,1676,2350
2022-12-05 06:00:00,1191,1115,576,2730,729,1345,1609,2255
2022-12-05 07:00:00,1162,1094,565,2676,709,1311,1570,2195
2022-12-05 08:00:00,1155,1088,561,2647,702,1302,1555,2180
2022-12-05 09:00:00,1165,1102,562,2672,706,1317,1573,2196
2022-12-05 10:00:00,1216,1152,578,2779,730,1372,1633,2275
2022-12-05 11:00:00,1316,1263,624,3007,784,1490,1776,2452
2022-12-05 12:00:00,1474,1421,701,3426,880,1677,1994,2729
2022-12-05 13:00:00,1552,1509,748,3655,935,1768,2101,2898
2022-12-05 14:00:00,1524,1497,660,3595,933,1716,2049,2890
2022-12-05 15:00:00,1459,1450,521,3415,907,1603,1934,2832
2022-12-05 16:00:00,1389,1403,436,3242,881,1531,1844,2768
2022-12-05 17:00:00,1346,1365,405,3159,868,1501,1807,2727
2022-12-05 18:00:00,1335,1345,416,3152,865,1483,1811,2712
2022-12-05 19:00:00,1358,1353,511,3230,877,1531,1875,2741
2022-12-05 20:00:00,1399,1367,601,3328,889,1603,1948,2771
2022-12-05 21:00:00,1455,1411,654,3399,917,1702,2031,2858
2022-12-05 22:00:00,1551,1521,712,3698,989,1863,2186,3021
2022-12-05 23:00:00,1621,1594,743,3929,1037,1959,2270,3115
2022-12-06 00:00:00,1586,1576,734,3908,1024,1945,2243,3060
2022-12-06 01:00:00,1530,1523,710,3818,1000,1885,2180,2982
2022-12-06 02:00:00,1441,1453,684,3678,958,1804,2102,2877
2022-12-06 03:00:00,1332,1350,649,3454,901,1679,1984,2724
2022-12-06 04:00:00,1218,1236,603,3155,825,1525,1834,2532
2022-12-06 05:00:00,1161,1143,563,2901,754,1398,1703,2331
2022-12-06 06:00:00,1112,1085,532,2729,706,1310,1616,2202
2022-12-06 07:00:00,1078,1052,517,2620,680,1261,1565,2118
2022-12-06 08:00:00,1061,1034,508,2585,667,1237,1536,2080
2022-12-06 09:00:00,1078,1032,508,2591,666,1238,1535,2079
2022-12-06 10:00:00,1102,1063,520,2659,688,1277,1580,2142
2022-12-06 11:00:00,1196,1162,557,2861,734,1385,1706,2304
2022-12-06 12:00:00,1324,1313,624,3223,825,1560,1903,2590
2022-12-06 13:00:00,1407,1399,673,3450,880,1647,2011,2756
2022-12-06 14:00:00,1432,1416,674,3461,893,1636,2007,2793
2022-12-06 15:00:00,1426,1411,672,3431,891,1600,1978,2794
2022-12-06 16:00:00,1413,1405,676,3423,888,1573,1975,2778
2022-12-06 17:00:00,1379,1388,687,3432,881,1552,1968,2764
2022-12-06 18:00:00,1356,1391,685,3430,874,1523,1997,2745
2022-12-06 19:00:00,1356,1398,681,3416,892,1541,2020,2765
2022-12-06 20:00:00,1377,1395,678,3372,889,1582,2010,2780
2022-12-06 21:00:00,1416,1414,681,3401,893,1655,2044,2836
2022-12-06 22:00:00,1504,1496,708,3608,962,1795,2147,2969
2022-12-06 23:00:00,1555,1544,724,3748,1002,1877,2200,3026
2022-12-07 00:00:00,1503,1514,709,3690,989,1864,2164,2955
2022-12-07 01:00:00,1439,1458,678,3557,962,1798,2089,2860
2022-12-07 02:00:00,1352,1384,644,3386,921,1706,1993,2749
2022-12-07 03:00:00,1273,1274,611,3152,862,1583,1870,2595
2022-12-07 04:00:00,1169,1158,564,2841,792,1428,1717,2398
2022-12-07 05:00:00,1096,1066,520,2574,719,1296,1581,2208
2022-12-07 06:00:00,1053,1000,496,2390,672,1207,1494,2082
2022-12-07 07:00:00,1023,969,479,2280,645,1163,1441,2000
2022-12-07 08:00:00,1017,951,467,2236,632,1138,1411,1965
2022-12-07 09:00:00,1019,952,465,2220,630,1139,1410,1966
2022-12-07 10:00:00,1061,986,480,2281,651,1177,1446,2027
2022-12-07 11:00:00,1155,1079,518,2488,692,1279,1570,2177
2022-12-07 12:00:00,1294,1226,583,2843,780,1447,1753,2444
2022-12-07 13:00:00,1386,1326,643,3101,842,1566,1875,2639
2022-12-07 14:00:00,1441,1359,659,3189,872,1609,1923,2728
2022-12-07 15:00:00,1452,1380,658,3256,894,1633,1946,2769
2022-12-07 16:00:00,1459,1397,654,3292,920,1663,1970,2805
2022-12-07 17:00:00,1457,1400,649,3297,932,1682,1973,2823
2022-12-07 18:00:00,1451,1396,650,3299,926,1677,1962,2819
2022-12-07 19:00:00,1441,1393,660,3306,927,1669,1974,2822
2022-12-07 20:00:00,1449,1387,661,3297,924,1672,1973,2831
2022-12-07 21:00:00,1472,1397,668,3302,933,1702,1986,2849
2022-12-07 22:00:00,1519,1464,689,3479,976,1802,2063,2945
2022-12-07 23:00:00,1541,1505,706,3607,1000,1856,2112,2996
2022-12-08 00:00:00,1490,1478,693,3551,975,1828,2075,2920
2022-12-08 01:00:00,1428,1415,665,3434,947,1755,1999,2827
2022-12-08 02:00:00,1366,1348,631,3289,904,1669,1917,2720
2022-12-08 03:00:00,1274,1243,597,3066,847,1546,1798,2572
2022-12-08 04:00:00,1158,1135,552,2775,776,1397,1651,2362
2022-12-08 05:00:00,1081,1043,511,2531,705,1272,1526,2186
2022-12-08 06:00:00,1034,985,483,2349,661,1186,1445,2057
2022-12-08 07:00:00,1011,953,466,2248,633,1135,1388,1963
2022-12-08 08:00:00,1001,942,459,2204,621,1115,1363,1919
2022-12-08 09:00:00,1002,940,461,2195,621,1114,1360,1916
2022-12-08 10:00:00,1046,977,476,2271,644,1149,1404,1964
2022-12-08 11:00:00,1148,1077,521,2497,687,1256,1533,2121
2022-12-08 12:00:00,1305,1228,593,2873,778,1429,1732,2398
2022-12-08 13:00:00,1382,1315,650,3108,830,1518,1838,2567
2022-12-08 14:00:00,1372,1326,638,3099,836,1493,1824,2599
2022-12-08 15:00:00,1322,1306,605,2985,831,1422,1783,2581
2022-12-08 16:00:00,1334,1298,599,2922,829,1369,1731,2550
2022-12-08 17:00:00,1299,1296,592,2937,827,1343,1706,2538
2022-12-08 18:00:00,1327,1293,574,2975,828,1357,1715,2548
2022-12-08 19:00:00,1348,1305,575,3056,869,1373,1767,2573
2022-12-08 20:00:00,1361,1321,615,3099,888,1462,1809,2616
2022-12-08 21:00:00,1420,1365,660,3218,916,1545,1909,2699
2022-12-08 22:00:00,1529,1469,711,3473,992,1704,2056,2889
2022-12-08 23:00:00,1603,1542,743,3678,1034,1811,2149,2988
2022-12-09 00:00:00,1570,1526,735,3670,982,1853,2130,2947
2022-12-09 01:00:00,1527,1489,715,3593,967,1813,2087,2886
2022-12-09 02:00:00,1453,1434,695,3469,935,1753,2013,2800
2022-12-09 03:00:00,1370,1344,671,3277,886,1642,1917,2678
2022-12-09 04:00:00,1280,1242,631,3011,817,1493,1781,2492
2022-12-09 05:00:00,1213,1158,596,2784,759,1371,1666,2322
2022-12-09 06:00:00,1162,1101,572,2598,715,1292,1588,2210
2022-12-09 07:00:00,1152,1079,559,2541,694,1257,1543,2144
2022-12-09 08:00:00,1148,1072,557,2510,683,1245,1529,2115
2022-12-09 09:00:00,1165,1079,560,2521,686,1254,1537,2130
2022-12-09 10:00:00,1210,1116,576,2621,710,1298,1586,2195
2022-12-09 11:00:00,1313,1217,622,2834,759,1408,1715,2365
2022-12-09 12:00:00,1443,1365,694,3224,854,1585,1913,2642
2022-12-09 13:00:00,1528,1455,740,3453,906,1691,2011,2813
2022-12-09 14:00:00,1532,1457,671,3423,909,1653,1969,2839
2022-12-09 15:00:00,1454,1424,545,3262,898,1556,1861,2796
2022-12-09 16:00:00,1400,1390,457,3129,884,1488,1779,2745
2022-12-09 17:00:00,1352,1360,418,3032,873,1449,1733,2708
2022-12-09 18:00:00,1334,1336,413,2991,859,1438,1713,2679
2022-12-09 19:00:00,1336,1340,461,3028,872,1481,1760,2695
2022-12-09 20:00:00,1398,1356,557,3126,879,1556,1837,2738
2022-12-09 21:00:00,1457,1404,677,3281,899,1662,1958,2810
2022-12-09 22:00:00,1557,1513,756,3570,969,1815,2105,2976
2022-12-09 23:00:00,1608,1579,785,3795,1011,1907,2191,3073
2022-12-10 00:00:00,1573,1557,778,3761,1001,1878,2166,3002
2022-12-10 01:00:00,1535,1519,759,3686,980,1832,2119,2932
2022-12-10 02:00:00,1480,1471,738,3583,955,1769,2063,2841
2022-12-10 03:00:00,1409,1395,715,3417,912,1681,1980,2733
2022-12-10 04:00:00,1332,1300,678,3214,857,1554,1863,2587
2022-12-10 05:00:00,1271,1212,642,2960,796,1433,1747,2440
2022-12-10 06:00:00,1214,1150,618,2818,748,1344,1666,2313
2022-12-10 07:00:00,1213,1117,607,2708,723,1290,1616,2234
2022-12-10 08:00:00,1205,1103,598,2660,707,1261,1590,2201
2022-12-10 09:00:00,1200,1103,596,2664,703,1254,1586,2186
2022-12-10 10:00:00,1222,1124,602,2695,709,1273,1607,2213
2022-12-10 11:00:00,1272,1169,625,2799,730,1322,1665,2283
2022-12-10 12:00:00,1342,1243,660,2979,775,1414,1752,2405
2022-12-10 13:00:00,1440,1324,697,3156,816,1510,1827,2534
2022-12-10 14:00:00,1495,1387,660,3233,869,1604,1860,2669
2022-12-10 15:00:00,1499,1409,560,3194,898,1662,1817,2762
2022-12-10 16:00:00,1452,1405,476,3117,916,1685,1778,2829
2022-12-10 17:00:00,1401,1380,431,3027,920,1696,1753,2840
2022-12-10 18:00:00,1387,1359,424,3009,909,1694,1735,2853
2022-12-10 19:00:00,1398,1354,458,3017,908,1697,1752,2832
2022-12-10 20:00:00,1442,1369,559,3101,922,1720,1818,2841
2022-12-10 21:00:00,1507,1400,679,3264,942,1768,1934,2893
2022-12-10 22:00:00,1638,1499,763,3559,1007,1885,2069,3019
2022-12-10 23:00:00,1666,1549,786,3726,1034,1932,2127,3062
2022-12-11 00:00:00,1611,1517,773,3675,1019,1891,2093,3010
2022-12-11 01:00:00,1577,1475,752,3590,996,1835,2042,2939
2022-12-11 02:00:00,1518,1433,732,3493,962,1774,1997,2866
2022-12-11 03:00:00,1443,1364,704,3345,921,1690,1918,2768
2022-12-11 04:00:00,1387,1278,668,3143,862,1568,1810,2623
2022-12-11 05:00:00,1325,1201,630,2913,799,1456,1701,2483
2022-12-11 06:00:00,1294,1144,606,2733,755,1368,1623,2383
2022-12-11 07:00:00,1267,1122,593,2653,725,1312,1573,2306
2022-12-11 08:00:00,1266,1112,583,2594,708,1284,1546,2270
2022-12-11 09:00:00,1268,1112,579,2571,702,1280,1541,2257
2022-12-11 10:00:00,1291,1125,585,2582,708,1293,1551,2280
2022-12-11 11:00:00,1329,1160,604,2663,726,1333,1594,2330
2022-12-11 12:00:00,1403,1221,631,2769,761,1404,1667,2425
2022-12-11 13:00:00,1479,1294,669,2935,799,1489,1750,2533
2022-12-11 14:00:00,1533,1380,693,3114,848,1591,1849,2663
2022-12-11 15:00:00,1563,1442,704,3281,902,1670,1935,2763
2022-12-11 16:00:00,1567,1478,708,3371,923,1730,1985,2852
2022-12-11 17:00:00,1574,1500,706,3421,940,1749,2005,2901
2022-12-11 18:00:00,1580,1493,703,3465,938,1736,2004,2909
2022-12-11 19:00:00,1575,1486,719,3524,950,1753,2040,2914
2022-12-11 20:00:00,1600,1502,742,3571,967,1785,2085,2954
2022-12-11 21:00:00,1638,1539,765,3659,992,1843,2145,3021
2022-12-11 22:00:00,1729,1642,801,3900,1063,1973,2265,3169
2022-12-11 23:00:00,1756,1693,810,4056,1097,2039,2330,3244
2022-12-12 00:00:00,1715,1664,810,4006,1086,2010,2299,3236
2022-12-12 01:00:00,1667,1610,791,3892,1058,1948,2233,3174
2022-12-12 02:00:00,1595,1534,757,3734,1014,1857,2154,3092
2022-12-12 03:00:00,1513,1437,717,3518,957,1739,2039,2948
2022-12-12 04:00:00,1404,1325,672,3239,883,1588,1894,2761
2022-12-12 05:00:00,1321,1234,630,3007,816,1465,1770,2585
2022-12-12 06:00:00,1266,1184,593,2829,770,1380,1688,2466
2022-12-12 07:00:00,1243,1157,590,2757,747,1340,1645,2402
2022-12-12 08:00:00,1243,1144,588,2725,744,1327,1625,2374
2022-12-12 09:00:00,1253,1153,591,2732,745,1334,1633,2395
2022-12-12 10:00:00,1289,1193,601,2816,767,1382,1684,2477
2022-12-12 11:00:00,1385,1296,648,3032,824,1498,1810,2635
2022-12-12 12:00:00,1555,1448,722,3362,918,1682,2007,2915
2022-12-12 13:00:00,1655,1541,779,3633,985,1806,2143,3126
2022-12-12 14:00:00,1663,1573,792,3783,1021,1859,2213,3221
2022-12-12 15:00:00,1612,1575,787,3799,1045,1876,2236,3266
2022-12-12 16:00:00,1562,1555,772,3782,1058,1878,2217,3219
2022-12-12 17:00:00,1498,1524,738,3728,1041,1865,2185,3157
2022-12-12 18:00:00,1475,1496,712,3657,1026,1827,2148,3112
2022-12-12 19:00:00,1497,1484,706,3634,1020,1809,2129,3078
2022-12-12 20:00:00,1560,1487,716,3648,1006,1816,2124,3075
2022-12-12 21:00:00,1601,1527,747,3709,1020,1872,2177,3138
2022-12-12 22:00:00,1709,1643,784,3958,1092,2030,2320,3309
2022-12-12 23:00:00,1767,1732,803,4183,1153,2141,2413,3413
2022-12-13 00:00:00,1750,1724,801,4168,1137,2125,2388,3352
2022-12-13 01:00:00,1697,1681,801,4112,1118,2083,2346,3284
2022-12-13 02:00:00,1627,1614,780,3981,1078,2003,2276,3188
2022-12-13 03:00:00,1536,1508,758,3773,1016,1879,2155,3038
2022-12-13 04:00:00,1435,1390,714,3464,937,1721,2015,2819
2022-12-13 05:00:00,1367,1302,694,3196,866,1582,1857,2629
2022-12-13 06:00:00,1303,1243,655,3020,816,1492,1795,2510
2022-12-13 07:00:00,1274,1216,644,2949,792,1444,1745,2431
2022-12-13 08:00:00,1270,1203,637,2921,783,1428,1732,2404
2022-12-13 09:00:00,1288,1204,642,2938,781,1434,1742,2418
2022-12-13 10:00:00,1317,1242,658,3026,806,1478,1795,2495
2022-12-13 11:00:00,1412,1347,700,3260,860,1590,1928,2659
2022-12-13 12:00:00,1584,1500,776,3631,954,1772,2136,2944
2022-12-13 13:00:00,1661,1588,814,3909,1012,1868,2261,3115
2022-12-13 14:00:00,1637,1586,806,3877,1024,1843,2259,3123
2022-12-13 15:00:00,1554,1554,763,3770,1017,1768,2191,3077
2022-12-13 16:00:00,1479,1521,713,3671,1004,1689,2123,3000
2022-12-13 17:00:00,1451,1488,675,3548,988,1638,2062,2941
2022-12-13 18:00:00,1452,1463,662,3461,975,1604,2027,2901
2022-12-13 19:00:00,1476,1461,669,3435,963,1626,2015,2907
2022-12-13 20:00:00,1521,1477,705,3477,968,1695,2051,2936
2022-12-13 21:00:00,1586,1526,751,3622,984,1790,2144,3014
2022-12-13 22:00:00,1677,1635,792,3902,1062,1961,2292,3193
2022-12-13 23:00:00,1704,1712,806,4136,1111,2062,2375,3285
2022-12-14 00:00:00,1690,1692,809,4130,1110,2062,2358,3240
2022-12-14 01:00:00,1640,1659,789,4079,1086,2026,2312,3177
2022-12-14 02:00:00,1576,1592,767,3942,1056,1957,2248,3080
2022-12-14 03:00:00,1487,1485,742,3721,993,1834,2130,2935
2022-12-14 04:00:00,1397,1360,702,3426,918,1669,1971,2727
2022-12-14 05:00:00,1326,1270,662,3139,847,1536,1839,2534
2022-12-14 06:00:00,1307,1216,639,2963,797,1451,1755,2398
2022-12-14 07:00:00,1287,1197,632,2885,773,1405,1704,2333
2022-12-14 08:00:00,1287,1195,629,2830,761,1393,1688,2337
2022-12-14 09:00:00,1307,1211,632,2823,761,1409,1706,2374
2022-12-14 10:00:00,1345,1244,650,2916,789,1470,1763,2471
2022-12-14 11:00:00,1434,1353,694,3166,849,1588,1905,2656
2022-12-14 12:00:00,1580,1513,766,3570,946,1774,2113,2964
2022-12-14 13:00:00,1656,1599,819,3813,1007,1891,2236,3152
2022-12-14 14:00:00,1641,1605,811,3793,1018,1874,2220,3173
2022-12-14 15:00:00,1587,1576,807,3672,1003,1796,2137,3112
2022-12-14 16:00:00,1560,1553,806,3575,991,1723,2062,3051
2022-12-14 17:00:00,1522,1527,769,3500,980,1669,2027,2995
2022-12-14 18:00:00,1529,1497,722,3436,969,1640,2002,2975
2022-12-14 19:00:00,1557,1493,722,3438,964,1660,2019,2994
2022-12-14 20:00:00,1553,1502,753,3509,977,1727,2072,3021
2022-12-14 21:00:00,1583,1544,780,3670,1004,1835,2166,3090
2022-12-14 22:00:00,1656,1652,813,3965,1082,2002,2328,3272
2022-12-14 23:00:00,1699,1720,817,4155,1125,2086,2391,3362
2022-12-15 00:00:00,1673,1698,811,4141,1112,2075,2366,3304
2022-12-15 01:00:00,1637,1649,807,4095,1090,2035,2319,3243
2022-12-15 02:00:00,1570,1577,784,3957,1057,1959,2242,3151
2022-12-15 03:00:00,1429,1465,746,3732,995,1835,2115,2995
2022-12-15 04:00:00,1330,1338,701,3426,917,1664,1961,2775
2022-12-15 05:00:00,1226,1231,656,3151,839,1525,1825,2575
2022-12-15 06:00:00,1161,1161,623,2968,788,1432,1743,2444
2022-12-15 07:00:00,1131,1121,606,2875,761,1380,1694,2358
2022-12-15 08:00:00,1120,1102,596,2839,752,1357,1673,2321
2022-12-15 09:00:00,1119,1105,590,2834,753,1354,1675,2323
2022-12-15 10:00:00,1142,1136,599,2919,776,1394,1722,2380
2022-12-15 11:00:00,1259,1231,641,3138,818,1492,1845,2538
2022-12-15 12:00:00,1405,1388,710,3510,909,1666,2040,2808
2022-12-15 13:00:00,1489,1470,762,3756,963,1773,2143,2974
2022-12-15 14:00:00,1486,1468,735,3786,984,1807,2164,3034
2022-12-15 15:00:00,1450,1446,702,3809,996,1821,2160,3067
2022-12-15 16:00:00,1434,1449,668,3780,996,1806,2151,3093
2022-12-15 17:00:00,1426,1445,641,3774,977,1727,2127,3085
2022-12-15 18:00:00,1421,1436,597,3770,1004,1759,2138,3053
2022-12-15 19:00:00,1453,1458,648,3754,1004,1787,2144,3058
2022-12-15 20:00:00,1474,1458,683,3744,996,1788,2141,3051
2022-12-15 21:00:00,1515,1478,705,3807,1001,1824,2179,3076
2022-12-15 22:00:00,1582,1564,751,3989,1066,1949,2278,3197
2022-12-15 23:00:00,1631,1606,771,4100,1092,2009,2323,3250
2022-12-16 00:00:00,1604,1582,762,4036,1073,1988,2284,3169
2022-12-16 01:00:00,1553,1536,744,3930,1043,1926,2216,3079
2022-12-16 02:00:00,1478,1475,717,3783,1004,1853,2143,2986
2022-12-16 03:00:00,1385,1375,685,3551,945,1737,2025,2838
2022-12-16 04:00:00,1304,1262,642,3240,874,1571,1865,2617
2022-12-16 05:00:00,1222,1168,597,2975,795,1434,1724,2429
2022-12-16 06:00:00,1177,1104,568,2779,739,1338,1635,2297
2022-12-16 07:00:00,1145,1071,549,2670,713,1282,1577,2201
2022-12-16 08:00:00,1149,1057,538,2615,699,1253,1550,2161
2022-12-16 09:00:00,1155,1058,536,2605,696,1251,1546,2156
2022-12-16 10:00:00,1194,1094,546,2660,716,1285,1588,2211
2022-12-16 11:00:00,1277,1178,580,2874,755,1383,1703,2358
2022-12-16 12:00:00,1392,1309,634,3216,842,1546,1882,2617
2022-12-16 13:00:00,1505,1410,690,3475,905,1672,2021,2819
2022-12-16 14:00:00,1556,1474,723,3584,948,1747,2084,2934
2022-12-16 15:00:00,1600,1514,741,3637,978,1799,2134,2997
2022-12-16 16:00:00,1615,1547,750,3664,1002,1813,2163,3051
2022-12-16 17:00:00,1633,1556,754,3664,1005,1824,2189,3081
2022-12-16 18:00:00,1634,1546,750,3634,995,1824,2188,3087
2022-12-16 19:00:00,1604,1539,740,3625,988,1826,2170,3070
2022-12-16 20:00:00,1603,1525,728,3608,983,1808,2144,3063
2022-12-16 21:00:00,1603,1529,731,3657,986,1827,2165,3082
2022-12-16 22:00:00,1667,1596,754,3834,1034,1917,2238,3168
2022-12-16 23:00:00,1666,1627,765,3937,1054,1960,2274,3190
2022-12-17 00:00:00,1611,1581,743,3863,1026,1914,2223,3091
2022-12-17 01:00:00,1535,1512,707,3739,996,1842,2147,2982
2022-12-17 02:00:00,1466,1441,673,3604,960,1764,2066,2881
2022-12-17 03:00:00,1387,1346,630,3427,908,1663,1976,2747
2022-12-17 04:00:00,1258,1238,588,3186,843,1526,1849,2576
2022-12-17 05:00:00,1182,1149,540,2941,776,1405,1727,2412
2022-12-17 06:00:00,1137,1082,516,2764,730,1309,1638,2287
2022-12-17 07:00:00,1101,1042,498,2643,703,1257,1577,2207
2022-12-17 08:00:00,1080,1018,489,2574,691,1232,1550,2171
2022-12-17 09:00:00,1077,1009,476,2563,687,1227,1538,2161
2022-12-17 10:00:00,1093,1016,473,2583,697,1252,1552,2190
2022-12-17 11:00:00,1121,1041,485,2678,722,1312,1603,2269
2022-12-17 12:00:00,1187,1095,516,2835,770,1402,1685,2392
2022-12-17 13:00:00,1265,1164,550,3011,801,1499,1769,2521
2022-12-17 14:00:00,1339,1232,580,3144,842,1574,1846,2655
2022-12-17 15:00:00,1386,1271,593,3126,870,1620,1870,2706
2022-12-17 16:00:00,1416,1284,603,3055,875,1644,1831,2714
2022-12-17 17:00:00,1432,1286,600,3002,862,1649,1802,2732
2022-12-17 18:00:00,1417,1275,592,3027,859,1591,1797,2713
2022-12-17 19:00:00,1397,1270,600,3032,865,1612,1833,2710
2022-12-17 20:00:00,1381,1285,610,3113,883,1668,1865,2731
2022-12-17 21:00:00,1398,1310,630,3234,904,1707,1928,2759
2022-12-17 22:00:00,1488,1402,671,3488,970,1826,2042,2884
2022-12-17 23:00:00,1517,1457,700,3681,1010,1895,2105,2963
2022-12-18 00:00:00,1485,1431,689,3631,996,1863,2072,2934
2022-12-18 01:00:00,1436,1393,671,3550,972,1811,2023,2871
2022-12-18 02:00:00,1369,1347,649,3460,945,1755,1966,2811
2022-12-18 03:00:00,1294,1282,625,3331,910,1681,1901,2728
2022-12-18 04:00:00,1222,1203,595,3130,864,1570,1795,2598
2022-12-18 05:00:00,1147,1117,561,2933,804,1467,1686,2457
2022-12-18 06:00:00,1106,1056,537,2763,757,1383,1607,2340
2022-12-18 07:00:00,1075,1025,520,2649,729,1329,1549,2262
2022-12-18 08:00:00,1086,1022,511,2590,712,1301,1520,2214
2022-12-18 09:00:00,1071,1018,505,2566,706,1294,1510,2190
2022-12-18 10:00:00,1080,1030,510,2594,709,1307,1521,2202
2022-12-18 11:00:00,1120,1068,522,2671,727,1346,1568,2261
2022-12-18 12:00:00,1191,1131,550,2804,758,1414,1647,2353
2022-12-18 13:00:00,1277,1209,591,2958,793,1485,1720,2442
2022-12-18 14:00:00,1346,1277,626,3050,823,1523,1777,2496
2022-12-18 15:00:00,1379,1313,641,3110,843,1500,1814,2532
2022-12-18 16:00:00,1373,1323,630,3103,854,1482,1799,2563
2022-12-18 17:00:00,1392,1335,625,3052,846,1460,1759,2586
2022-12-18 18:00:00,1379,1334,628,2991,843,1474,1756,2562
2022-12-18 19:00:00,1382,1348,635,3088,859,1530,1808,2631
2022-12-18 20:00:00,1415,1362,650,3184,871,1605,1868,2696
2022-12-18 21:00:00,1462,1391,674,3339,909,1695,1963,2752
2022-12-18 22:00:00,1581,1506,724,3648,992,1866,2114,2924
2022-12-18 23:00:00,1632,1590,757,3871,1038,1977,2205,3035
2022-12-19 00:00:00,1601,1566,754,3855,1037,1962,2187,3035
2022-12-19 01:00:00,1546,1532,734,3786,1017,1919,2142,2999
2022-12-19 02:00:00,1486,1478,706,3685,988,1864,2089,2949
2022-12-19 03:00:00,1384,1387,670,3501,938,1756,1974,2827
2022-12-19 04:00:00,1295,1276,635,3245,871,1609,1844,2641
2022-12-19 05:00:00,1229,1190,593,3010,806,1484,1721,2480
2022-12-19 06:00:00,1175,1138,567,2838,764,1399,1647,2366
2022-12-19 07:00:00,1150,1114,554,2755,739,1355,1596,2302
2022-12-19 08:00:00,1148,1105,549,2721,728,1341,1584,2280
2022-12-19 09:00:00,1155,1095,556,2733,731,1352,1591,2300
2022-12-19 10:00:00,1202,1144,570,2833,753,1396,1645,2383
2022-12-19 11:00:00,1286,1242,614,3063,810,1511,1778,2555
2022-12-19 12:00:00,1438,1401,684,3436,901,1679,1982,2816
2022-12-19 13:00:00,1534,1494,740,3681,958,1793,2105,2995
2022-12-19 14:00:00,1570,1517,751,3644,964,1760,2094,3006
2022-12-19 15:00:00,1558,1495,733,3494,954,1672,2051,2956
2022-12-19 16:00:00,1531,1479,711,3396,949,1607,2007,2909
2022-12-19 17:00:00,1491,1468,717,3407,939,1576,2011,2910
2022-12-19 18:00:00,1476,1469,722,3395,938,1585,2046,2908
2022-12-19 19:00:00,1470,1487,731,3433,947,1637,2080,2962
2022-12-19 20:00:00,1506,1486,733,3528,957,1700,2097,2989
2022-12-19 21:00:00,1543,1510,748,3650,976,1791,2150,3049
2022-12-19 22:00:00,1661,1610,784,3922,1054,1966,2294,3209
2022-12-19 23:00:00,1707,1679,813,4156,1109,2093,2390,3319
2022-12-20 00:00:00,1667,1667,803,4145,1101,2083,2364,3249
2022-12-20 01:00:00,1611,1622,776,4048,1087,2029,2304,3177
2022-12-20 02:00:00,1547,1559,749,3905,1049,1952,2221,3076
2022-12-20 03:00:00,1446,1461,715,3683,988,1830,2102,2936
2022-12-20 04:00:00,1336,1338,673,3379,911,1668,1945,2733
2022-12-20 05:00:00,1268,1243,631,3106,827,1531,1809,2560
2022-12-20 06:00:00,1214,1179,604,2918,779,1438,1721,2418
2022-12-20 07:00:00,1182,1148,593,2829,756,1392,1671,2335
2022-12-20 08:00:00,1176,1155,587,2792,745,1373,1652,2312
2022-12-20 09:00:00,1168,1166,586,2795,745,1379,1658,2318
2022-12-20 10:00:00,1211,1202,600,2877,767,1425,1706,2390
2022-12-20 11:00:00,1297,1302,641,3088,819,1536,1834,2561
2022-12-20 12:00:00,1459,1453,712,3466,911,1706,2040,2841
2022-12-20 13:00:00,1531,1541,768,3720,968,1813,2149,3025
2022-12-20 14:00:00,1532,1551,767,3669,970,1785,2112,3043
2022-12-20 15:00:00,1489,1527,735,3509,953,1694,2011,2982
2022-12-20 16:00:00,1438,1492,705,3374,938,1616,1925,2907
2022-12-20 17:00:00,1415,1470,692,3270,925,1575,1878,2855
2022-12-20 18:00:00,1406,1448,695,3228,909,1556,1862,2833
2022-12-20 19:00:00,1405,1449,705,3262,912,1583,1891,2839
2022-12-20 20:00:00,1455,1464,719,3365,925,1648,1964,2884
2022-12-20 21:00:00,1504,1505,751,3555,954,1756,2085,2978
2022-12-20 22:00:00,1618,1608,788,3872,1037,1932,2251,3173
2022-12-20 23:00:00,1677,1696,817,4095,1090,2059,2360,3285
2022-12-21 00:00:00,1657,1687,810,4101,1087,2056,2357,3244
2022-12-21 01:00:00,1605,1644,790,4068,1074,2006,2309,3183
2022-12-21 02:00:00,1537,1588,765,3954,1040,1943,2238,3095
2022-12-21 03:00:00,1440,1493,742,3755,987,1835,2130,2959
2022-12-21 04:00:00,1349,1376,701,3461,915,1679,1974,2773
2022-12-21 05:00:00,1238,1278,656,3206,843,1540,1844,2585
2022-12-21 06:00:00,1192,1219,631,3012,795,1452,1770,2471
2022-12-21 07:00:00,1176,1190,615,2938,770,1405,1723,2387
2022-12-21 08:00:00,1169,1180,607,2902,760,1389,1707,2359
2022-12-21 09:00:00,1169,1188,605,2914,761,1392,1714,2365
2022-12-21 10:00:00,1197,1228,622,2998,786,1437,1771,2423
2022-12-21 11:00:00,1293,1337,664,3241,838,1544,1901,2588
2022-12-21 12:00:00,1459,1483,740,3611,930,1730,2108,2859
2022-12-21 13:00:00,1548,1576,798,3859,990,1829,2230,3054
2022-12-21 14:00:00,1567,1587,780,3828,994,1814,2205,3075
2022-12-21 15:00:00,1541,1558,702,3651,983,1734,2090,3016
2022-12-21 16:00:00,1513,1511,642,3489,962,1651,1983,2954
2022-12-21 17:00:00,1459,1471,597,3350,946,1616,1916,2887
2022-12-21 18:00:00,1416,1438,575,3270,919,1585,1884,2854
2022-12-21 19:00:00,1414,1434,583,3290,917,1593,1909,2850
2022-12-21 20:00:00,1453,1442,637,3369,934,1653,1974,2888
2022-12-21 21:00:00,1508,1486,715,3539,962,1762,2089,2974
2022-12-21 22:00:00,1621,1597,778,3834,1045,1943,2257,3158
2022-12-21 23:00:00,1685,1678,809,4061,1099,2072,2362,3267
2022-12-22 00:00:00,1672,1669,802,4036,1094,2073,2352,3218
2022-12-22 01:00:00,1637,1633,780,3987,1081,2033,2312,3145
2022-12-22 02:00:00,1595,1581,752,3875,1052,1974,2253,3069
2022-12-22 03:00:00,1518,1493,726,3706,997,1868,2139,2943
2022-12-22 04:00:00,1407,1375,690,3439,930,1712,1987,2741
2022-12-22 05:00:00,1327,1269,647,3154,857,1572,1849,2547
2022-12-22 06:00:00,1259,1217,613,2971,806,1479,1757,2408
2022-12-22 07:00:00,1243,1180,602,2863,776,1427,1708,2337
2022-12-22 08:00:00,1225,1169,596,2821,770,1411,1692,2304
2022-12-22 09:00:00,1242,1175,597,2817,796,1391,1694,2320
2022-12-22 10:00:00,1292,1215,611,2894,796,1457,1739,2389
2022-12-22 11:00:00,1380,1310,648,3106,837,1558,1859,2548
2022-12-22 12:00:00,1521,1453,713,3454,921,1733,2054,2804
2022-12-22 13:00:00,1614,1553,773,3692,978,1839,2170,2994
2022-12-22 14:00:00,1637,1567,784,3742,994,1837,2171,3023
2022-12-22 15:00:00,1608,1579,781,3679,1013,1797,2178,3043
2022-12-22 16:00:00,1615,1576,754,3480,1019,1830,2135,3085
2022-12-22 17:00:00,1578,1533,742,3551,990,1733,2045,3004
2022-12-22 18:00:00,1541,1515,710,3619,992,1669,2079,2967
2022-12-22 19:00:00,1561,1511,699,3651,994,1746,2108,2974
2022-12-22 20:00:00,1556,1495,718,3640,989,1789,2133,2993
2022-12-22 21:00:00,1565,1514,738,3672,996,1826,2175,3030
2022-12-22 22:00:00,1656,1593,763,3863,1043,1953,2273,3140
2022-12-22 23:00:00,1683,1638,777,3995,1070,2018,2320,3185
2022-12-23 00:00:00,1646,1615,764,3948,1053,1996,2280,3098
2022-12-23 01:00:00,1601,1567,739,3842,1030,1931,2215,3014
2022-12-23 02:00:00,1550,1508,709,3704,992,1859,2138,2909
2022-12-23 03:00:00,1465,1407,686,3498,936,1763,2024,2763
2022-12-23 04:00:00,1327,1289,640,3211,871,1614,1871,2587
2022-12-23 05:00:00,1238,1180,587,2919,793,1462,1724,2409
2022-12-23 06:00:00,1169,1114,552,2719,737,1358,1622,2276
2022-12-23 07:00:00,1128,1071,531,2566,703,1297,1549,2187
2022-12-23 08:00:00,1119,1048,516,2481,684,1261,1512,2141
2022-12-23 09:00:00,1118,1038,509,2441,671,1243,1493,2128
2022-12-23 10:00:00,1143,1050,516,2457,681,1264,1513,2157
2022-12-23 11:00:00,1187,1092,538,2566,712,1328,1588,2251
2022-12-23 12:00:00,1270,1160,571,2717,767,1446,1706,2439
2022-12-23 13:00:00,1359,1233,615,2858,811,1556,1793,2598
2022-12-23 14:00:00,1429,1262,612,3007,842,1611,1843,2701
2022-12-23 15:00:00,1462,1277,565,3125,877,1641,1885,2767
2022-12-23 16:00:00,1458,1292,577,3248,892,1639,1899,2800
2022-12-23 17:00:00,1417,1305,589,3283,914,1659,1930,2796
2022-12-23 18:00:00,1359,1305,586,3200,931,1656,1941,2810
2022-12-23 19:00:00,1308,1317,568,3193,920,1673,1915,2818
2022-12-23 20:00:00,1266,1313,572,3276,897,1679,1888,2804
2022-12-23 21:00:00,1249,1313,601,3353,913,1713,1948,2804
2022-12-23 22:00:00,1258,1383,653,3603,969,1816,2041,2919
2022-12-23 23:00:00,1223,1308,684,3830,1020,1899,2072,2979
2022-12-24 00:00:00,1162,1249,678,3876,1024,1894,2076,2932
2022-12-24 01:00:00,1106,1251,658,3871,1021,1857,2060,2899
2022-12-24 02:00:00,1081,1243,633,3843,1012,1833,2064,2876
2022-12-24 03:00:00,1046,1212,620,3764,985,1772,2006,2800
2022-12-24 04:00:00,995,1157,595,3613,940,1681,1916,2697
2022-12-24 05:00:00,958,1106,567,3456,888,1588,1827,2588
2022-12-24 06:00:00,928,1071,549,3391,847,1516,1768,2491
2022-12-24 07:00:00,935,1054,540,3438,828,1486,1725,2442
2022-12-24 08:00:00,936,1051,537,3280,821,1480,1711,2435
2022-12-24 09:00:00,949,1055,539,3174,840,1473,1722,2456
2022-12-24 10:00:00,978,1076,545,3193,838,1515,1760,2501
2022-12-24 11:00:00,1016,1136,565,3295,872,1574,1817,2589
2022-12-24 12:00:00,1080,1206,592,3442,914,1667,1908,2722
2022-12-24 13:00:00,1161,1295,638,3638,965,1768,2013,2860
2022-12-24 14:00:00,1233,1375,673,3788,1012,1851,2091,2957
2022-12-24 15:00:00,1260,1431,681,3820,1042,1878,2106,2989
2022-12-24 16:00:00,1280,1466,658,3811,1058,1875,2083,2978
2022-12-24 17:00:00,1281,1463,670,3799,1056,1870,2057,2969
2022-12-24 18:00:00,1284,1455,678,3785,1055,1871,2059,2954
2022-12-24 19:00:00,1293,1450,696,3831,1061,1905,2093,2954
2022-12-24 20:00:00,1334,1467,730,3936,1068,1947,2142,3013
2022-12-24 21:00:00,1392,1505,773,4080,1085,2017,2234,3103
2022-12-24 22:00:00,1456,1578,794,4289,1135,2124,2336,3234
2022-12-24 23:00:00,1469,1608,802,4332,1152,2158,2364,3283
2022-12-25 00:00:00,1436,1566,796,4232,1125,2106,2295,3227
2022-12-25 01:00:00,1414,1535,773,4134,1090,2081,2261,3181
2022-12-25 02:00:00,1389,1508,761,4084,1067,2046,2223,3141
2022-12-25 03:00:00,1349,1464,744,3949,1045,1998,2181,3086
2022-12-25 04:00:00,1292,1401,715,3812,1016,1914,2098,2996
2022-12-25 05:00:00,1241,1329,677,3665,969,1808,2004,2880
2022-12-25 06:00:00,1191,1261,647,3479,925,1710,1930,2780
2022-12-25 07:00:00,1182,1222,626,3387,892,1636,1875,2706
2022-12-25 08:00:00,1174,1199,617,3343,878,1607,1843,2664
2022-12-25 09:00:00,1186,1194,613,3288,881,1591,1831,2648
2022-12-25 10:00:00,1188,1201,617,3267,891,1576,1835,2661
2022-12-25 11:00:00,1226,1230,632,3309,882,1616,1868,2700
2022-12-25 12:00:00,1305,1291,661,3425,907,1686,1934,2774
2022-12-25 13:00:00,1387,1374,707,3553,947,1771,2019,2857
2022-12-25 14:00:00,1451,1449,734,3607,982,1836,2048,2901
2022-12-25 15:00:00,1463,1491,727,3628,998,1821,2029,2878
2022-12-25 16:00:00,1467,1484,697,3445,994,1790,1977,2827
2022-12-25 17:00:00,1454,1470,625,3281,977,1747,1908,2785
2022-12-25 18:00:00,1409,1426,631,3363,960,1723,1894,2772
2022-12-25 19:00:00,1349,1388,647,3535,949,1709,1889,2764
2022-12-25 20:00:00,1358,1383,682,3555,945,1734,1916,2788
2022-12-25 21:00:00,1407,1412,724,3617,962,1802,1991,2860
2022-12-25 22:00:00,1488,1482,771,3746,1016,1911,2098,2990
2022-12-25 23:00:00,1522,1521,784,3859,1046,1966,2151,3050
2022-12-26 00:00:00,1501,1505,769,3823,1038,1954,2133,3030
2022-12-26 01:00:00,1472,1483,752,3778,1028,1930,2112,3002
2022-12-26 02:00:00,1433,1455,738,3744,1016,1900,2085,2979
2022-12-26 03:00:00,1378,1404,718,3659,987,1846,2032,2926
2022-12-26 04:00:00,1302,1330,687,3490,946,1752,1948,2825
2022-12-26 05:00:00,1235,1256,650,3354,895,1655,1857,2701
2022-12-26 06:00:00,1200,1192,623,3196,855,1577,1791,2601
2022-12-26 07:00:00,1172,1163,607,3127,830,1536,1747,2534
2022-12-26 08:00:00,1156,1154,597,3078,818,1513,1727,2512
2022-12-26 09:00:00,1159,1163,597,3056,819,1516,1729,2514
2022-12-26 10:00:00,1192,1181,605,3113,824,1543,1757,2565
2022-12-26 11:00:00,1242,1225,625,3215,849,1591,1818,2654
2022-12-26 12:00:00,1321,1293,659,3348,882,1664,1900,2774
2022-12-26 13:00:00,1406,1355,696,3465,908,1721,1964,2848
2022-12-26 14:00:00,1463,1409,709,3452,923,1723,1985,2867
2022-12-26 15:00:00,1472,1427,689,3299,931,1694,1958,2859
2022-12-26 16:00:00,1463,1430,659,3336,934,1657,1918,2842
2022-12-26 17:00:00,1439,1418,653,3354,932,1631,1884,2813
2022-12-26 18:00:00,1442,1419,679,3362,926,1620,1875,2802
2022-12-26 19:00:00,1445,1423,686,3517,927,1642,1887,2805
2022-12-26 20:00:00,1478,1442,711,3173,937,1718,1954,2840
2022-12-26 21:00:00,1519,1479,763,3490,981,1820,2060,2934
2022-12-26 22:00:00,1634,1590,819,3886,1059,1990,2225,3119
2022-12-26 23:00:00,1669,1673,847,4086,1105,2080,2297,3205
2022-12-27 00:00:00,1622,1636,833,4031,1094,2044,2268,3150
2022-12-27 01:00:00,1571,1573,809,4009,1068,1993,2218,3080
2022-12-27 02:00:00,1494,1514,781,3869,1028,1923,2152,2999
2022-12-27 03:00:00,1412,1423,751,3702,980,1816,2050,2886
2022-12-27 04:00:00,1310,1316,707,3378,917,1679,1923,2729
2022-12-27 05:00:00,1217,1242,661,3053,854,1558,1803,2577
2022-12-27 06:00:00,1172,1180,629,2974,812,1475,1723,2465
2022-12-27 07:00:00,1144,1147,612,2871,780,1424,1676,2389
2022-12-27 08:00:00,1136,1135,605,2829,769,1403,1653,2367
2022-12-27 09:00:00,1153,1144,609,2818,767,1404,1471,2379
2022-12-27 10:00:00,1189,1173,623,2880,784,1439,1695,2445
2022-12-27 11:00:00,1256,1252,657,3032,823,1517,1795,2572
2022-12-27 12:00:00,1379,1353,713,3272,887,1639,1940,2762
2022-12-27 13:00:00,1492,1456,769,3483,942,1746,2058,2915
2022-12-27 14:00:00,1560,1524,795,3623,984,1806,2130,2984
2022-12-27 15:00:00,1607,1555,763,3686,1013,1829,2149,3022
2022-12-27 16:00:00,1604,1521,703,3635,1024,1829,2075,3049
2022-12-27 17:00:00,1519,1487,680,3511,1013,1794,2009,2977
2022-12-27 18:00:00,1459,1475,683,3462,987,1722,1999,2912
2022-12-27 19:00:00,1495,1481,706,3539,982,1718,1986,2908
2022-12-27 20:00:00,1545,1492,738,3591,971,1766,2035,2948
2022-12-27 21:00:00,1587,1534,783,3683,999,1855,2133,3006
2022-12-27 22:00:00,1667,1631,829,3902,1067,2009,2277,3159
2022-12-27 23:00:00,1702,1705,857,4056,1116,2099,2362,3252
2022-12-28 00:00:00,1672,1681,845,4031,1106,2081,2342,3173
2022-12-28 01:00:00,1617,1630,819,3945,1088,2042,2302,3109
2022-12-28 02:00:00,1553,1567,790,3811,1054,1977,2226,3031
2022-12-28 03:00:00,1466,1478,758,3622,1002,1870,2133,2904
2022-12-28 04:00:00,1398,1375,712,3375,931,1735,2004,2746
2022-12-28 05:00:00,1330,1280,665,3144,869,1610,1890,2599
2022-12-28 06:00:00,1282,1230,636,2978,826,1534,1817,2518
2022-12-28 07:00:00,1259,1201,614,2883,800,1489,1771,2448
2022-12-28 08:00:00,1252,1189,606,2821,785,1469,1753,2426
2022-12-28 09:00:00,1248,1199,607,2809,784,1468,1754,2432
2022-12-28 10:00:00,1257,1224,617,2872,801,1502,1785,2482
2022-12-28 11:00:00,1322,1296,649,3014,843,1585,1874,2617
2022-12-28 12:00:00,1443,1399,707,3238,894,1704,2004,2813
2022-12-28 13:00:00,1536,1493,765,3428,941,1799,2107,2953
2022-12-28 14:00:00,1592,1556,790,3482,979,1861,2143,3056
2022-12-28 15:00:00,1621,1585,789,3427,983,1878,2127,3105
2022-12-28 16:00:00,1623,1600,775,3408,981,1838,2101,3116
2022-12-28 17:00:00,1610,1588,775,3364,980,1764,2077,3100
2022-12-28 18:00:00,1613,1574,780,3236,965,1726,2067,3015
2022-12-28 19:00:00,1611,1574,778,3220,958,1713,2064,2913
2022-12-28 20:00:00,1621,1565,768,3308,961,1762,2101,2956
2022-12-28 21:00:00,1622,1562,775,3392,990,1825,2123,2978
2022-12-28 22:00:00,1670,1626,808,3624,1046,1950,2236,3092
2022-12-28 23:00:00,1698,1673,828,3823,1077,2033,2300,3144
2022-12-29 00:00:00,1649,1645,813,3779,1056,1996,2255,3063
2022-12-29 01:00:00,1586,1585,785,3682,1032,1926,2186,2974
2022-12-29 02:00:00,1513,1516,752,3555,990,1845,2108,2873
2022-12-29 03:00:00,1417,1426,718,3377,940,1735,2000,2742
2022-12-29 04:00:00,1333,1316,669,3140,872,1593,1868,2599
2022-12-29 05:00:00,1266,1219,616,2913,805,1468,1746,2443
2022-12-29 06:00:00,1210,1162,579,2758,761,1394,1666,2332
2022-12-29 07:00:00,1179,1128,560,2682,734,1349,1614,2261
2022-12-29 08:00:00,1167,1110,545,2648,722,1325,1588,2230
2022-12-29 09:00:00,1168,1108,540,2647,721,1322,1592,2236
2022-12-29 10:00:00,1201,1145,553,2713,740,1353,1629,2291
2022-12-29 11:00:00,1273,1222,588,2876,772,1439,1725,2430
2022-12-29 12:00:00,1387,1337,644,3111,831,1569,1874,2650
2022-12-29 13:00:00,1466,1432,705,3304,883,1655,1978,2775
2022-12-29 14:00:00,1514,1473,717,3381,900,1667,1991,2845
2022-12-29 15:00:00,1520,1468,676,3316,887,1615,1954,2872
2022-12-29 16:00:00,1510,1433,628,3230,878,1565,1847,2784
2022-12-29 17:00:00,1484,1411,555,3095,867,1507,1775,2719
2022-12-29 18:00:00,1458,1382,477,3028,855,1465,1754,2664
2022-12-29 19:00:00,1450,1373,478,3051,857,1501,1774,2659
2022-12-29 20:00:00,1461,1379,555,3081,871,1558,1832,2701
2022-12-29 21:00:00,1488,1407,655,3181,889,1654,1910,2753
2022-12-29 22:00:00,1568,1503,736,3429,951,1804,2046,2899
2022-12-29 23:00:00,1627,1593,771,3663,1006,1921,2155,3002
2022-12-30 00:00:00,1595,1571,759,3640,995,1899,2126,2933
2022-12-30 01:00:00,1536,1523,727,3560,975,1842,2070,2863
2022-12-30 02:00:00,1471,1462,699,3451,943,1771,2009,2792
2022-12-30 03:00:00,1394,1371,667,3291,896,1676,1917,2674
2022-12-30 04:00:00,1310,1266,619,3067,841,1545,1793,2518
2022-12-30 05:00:00,1216,1168,569,2855,779,1430,1674,2365
2022-12-30 06:00:00,1158,1100,532,2680,734,1341,1592,2247
2022-12-30 07:00:00,1142,1058,513,2560,704,1294,1534,2170
2022-12-30 08:00:00,1112,1036,501,2498,688,1271,1498,2134
2022-12-30 09:00:00,1126,1031,497,2471,683,1268,1488,2128
2022-12-30 10:00:00,1155,1054,508,2510,705,1283,1512,2162
2022-12-30 11:00:00,1210,1119,540,2640,720,1360,1592,2278
2022-12-30 12:00:00,1323,1214,590,2864,775,1462,1710,2456
2022-12-30 13:00:00,1403,1303,647,3031,817,1546,1800,2578
2022-12-30 14:00:00,1433,1357,677,3105,836,1566,1834,2641
2022-12-30 15:00:00,1403,1374,632,3036,833,1520,1799,2637
2022-12-30 16:00:00,1398,1365,551,2915,836,1467,1733,2568
2022-12-30 17:00:00,1376,1330,544,2836,823,1464,1721,2589
2022-12-30 18:00:00,1331,1300,542,2790,806,1423,1693,2600
2022-12-30 19:00:00,1314,1292,576,2796,801,1417,1723,2554
2022-12-30 20:00:00,1316,1299,624,2846,810,1460,1768,2577
2022-12-30 21:00:00,1367,1320,660,2947,837,1539,1794,2626
2022-12-30 22:00:00,1452,1399,703,3159,897,1682,1900,2748
2022-12-30 23:00:00,1499,1459,729,3364,943,1783,1969,2820
2022-12-31 00:00:00,1450,1425,713,3323,932,1751,1932,2740
2022-12-31 01:00:00,1402,1374,684,3234,915,1698,1872,2651
2022-12-31 02:00:00,1345,1321,654,3141,885,1634,1809,2560
2022-12-31 03:00:00,1272,1241,627,3010,846,1552,1730,2472
2022-12-31 04:00:00,1201,1152,586,2825,797,1442,1626,2335
2022-12-31 05:00:00,1158,1067,539,2645,742,1335,1525,2211
2022-12-31 06:00:00,1086,1001,499,2493,697,1250,1427,2097
2022-12-31 07:00:00,1049,964,482,2391,665,1197,1389,2019
2022-12-31 08:00:00,1030,947,471,2327,648,1164,1366,1975
2022-12-31 09:00:00,1029,940,464,2297,640,1152,1354,1960
2022-12-31 10:00:00,1041,951,469,2299,645,1156,1363,1969
2022-12-31 11:00:00,1071,987,485,2351,651,1191,1398,2022
2022-12-31 12:00:00,1127,1044,513,2445,682,1251,1458,2112
2022-12-31 13:00:00,1200,1113,559,2566,711,1315,1513,2190
2022-12-31 14:00:00,1269,1183,587,2716,754,1394,1574,2280
2022-12-31 15:00:00,1292,1242,600,2867,792,1466,1644,2362
2022-12-31 16:00:00,1308,1295,599,3007,829,1523,1716,2459
2022-12-31 17:00:00,1326,1307,592,3081,861,1584,1759,2516
2022-12-31 18:00:00,1326,1312,598,3131,875,1610,1761,2559
2022-12-31 19:00:00,1319,1297,614,3138,876,1607,1756,2542
2022-12-31 20:00:00,1320,1282,633,3162,874,1610,1769,2534
2022-12-31 21:00:00,1351,1302,655,3195,884,1631,1792,2567
2022-12-31 22:00:00,1418,1377,690,3340,926,1717,1875,2664
2022-12-31 23:00:00,1429,1405,706,3428,949,1749,1910,2708
